sample_id,query,difficulty,entropy,entropy_std,k_determined,n_iterations
1,python là gì?,dễ,0.23431410040162567,0.0,0,5
2,git là gì?,dễ,0.24552745114558086,0.0,0,5
3,ai là gì?,dễ,0.24073456855562864,0.0,0,5
4,machine learning là gì?,dễ,0.22385647438044395,0.0,0,5
5,deep learning là gì?,dễ,0.27199402140565043,0.0,0,5
6,neural network là gì?,dễ,0.26921810152751513,0.0,0,5
7,gan là gì?,dễ,0.2884563156152035,0.0,0,5
8,transformer là gì?,dễ,0.26994898422504526,0.0,0,5
9,cơ sở dữ liệu là gì?,dễ,0.25067726027860154,0.0,0,5
10,thuật toán là gì?,dễ,0.24429123409237435,0.0,0,5
11,java là gì?,dễ,0.26217506535374824,0.0,0,5
12,javascript là gì?,dễ,0.3460839778002772,0.0,0,5
13,html là gì?,dễ,0.22028692305953385,0.0,0,5
14,css là gì?,dễ,0.3209794284752965,0.0,0,5
15,sql là gì?,dễ,0.20753151134409903,0.0,0,5
16,api là gì?,dễ,0.2420053596930405,0.0,0,5
17,json là gì?,dễ,0.23284700606591446,0.0,0,5
18,xml là gì?,dễ,0.2366065521119037,0.0,0,5
19,http là gì?,dễ,0.23036144655889612,0.0,0,5
20,https là gì?,dễ,0.24928567935236606,0.0,0,5
21,tcp là gì?,dễ,0.29424140631021556,0.0,0,5
22,ip là gì?,dễ,0.36050273368006636,0.0,0,5
23,dns là gì?,dễ,0.2891290580257378,0.0,0,5
24,cloud là gì?,dễ,0.2737730544707801,0.0,0,5
25,docker là gì?,dễ,0.2859802765712745,0.0,0,5
26,kubernetes là gì?,dễ,0.2408340959082516,0.0,0,5
27,linux là gì?,dễ,0.2540656016396177,0.0,0,5
28,windows là gì?,dễ,0.2223534860092907,0.0,0,5
29,macos là gì?,dễ,0.3007645369554705,0.0,0,5
30,ios là gì?,dễ,0.2155916558852406,0.0,0,5
31,android là gì?,dễ,0.18670340203588556,0.0,0,5
32,html5 là gì?,dễ,0.19659057905616556,0.0,0,5
33,css3 là gì?,dễ,0.32706443838251187,0.0,0,5
34,react là gì?,dễ,0.18559184361104192,0.0,0,5
35,so sánh machine learning và deep learning,trung_bình,0.22021529004553647,0.0,0,5
36,khác biệt giữa cnn và rnn,trung_bình,0.2390340028440428,0.0,0,5
37,khi nào nên dùng reinforcement learning,trung_bình,0.36276415386662303,0.0,0,5
38,ưu nhược điểm của transformer architecture,trung_bình,0.2927527481576087,0.0,0,5
39,cách hoạt động của attention mechanism,trung_bình,0.2802039553697275,0.0,0,5
40,gradient descent hoạt động như thế nào,trung_bình,0.2690323127090286,0.0,0,5
41,overfitting là gì và cách khắc phục,trung_bình,0.26501095881711556,0.0,0,5
42,khác biệt giữa supervised và unsupervised learning,trung_bình,0.20908935082028335,0.0,0,5
43,backpropagation hoạt động như thế nào,trung_bình,0.3263192226942617,0.0,0,5
44,activation function trong neural network là gì,trung_bình,0.29943510330045425,0.0,0,5
45,khác biệt giữa classification và regression,trung_bình,0.3107557642963953,0.0,0,5
46,giải thích cross-validation,trung_bình,0.29817172222967125,0.0,0,5
47,regularization trong machine learning là gì,trung_bình,0.24223651259162118,0.0,0,5
48,khác biệt giữa batch và stochastic gradient descent,trung_bình,0.24941115643580916,0.0,0,5
49,dropout hoạt động như thế nào,trung_bình,0.2958139254241935,0.0,0,5
50,giải thích batch normalization,trung_bình,0.29597946308955575,0.0,0,5
51,transfer learning là gì,trung_bình,0.272863200416088,0.0,0,5
52,khác biệt giữa rnn và lstm,trung_bình,0.26621463072001916,0.0,0,5
53,convolutional layer hoạt động như thế nào,trung_bình,0.2518500310602593,0.0,0,5
54,giải thích pooling trong cnn,trung_bình,0.2904044108049327,0.0,0,5
55,data augmentation là gì,trung_bình,0.2772914379314636,0.0,0,5
56,khác biệt giữa precision và recall,trung_bình,0.24025043931638113,0.0,0,5
57,giải thích f1 score,trung_bình,0.265760237961981,0.0,0,5
58,confusion matrix là gì,trung_bình,0.25930921312374144,0.0,0,5
59,k-means clustering hoạt động như thế nào,trung_bình,0.2997765736353682,0.0,0,5
60,khác biệt giữa random forest và gradient boosting,trung_bình,0.28915774049485626,0.0,0,5
61,giải thích feature selection,trung_bình,0.3130997276583293,0.0,0,5
62,dimensionality reduction là gì,trung_bình,0.3703239424988108,0.0,0,5
63,khác biệt giữa svm và logistic regression,trung_bình,0.2363592318834249,0.0,0,5
64,ensemble learning hoạt động như thế nào,trung_bình,0.311734192359154,0.0,0,5
65,giải thích bias-variance tradeoff,trung_bình,0.25687918035036106,0.0,0,5
66,early stopping là gì,trung_bình,0.26700397185684577,0.0,0,5
67,khác biệt giữa validation và test set,trung_bình,0.24715718844798013,0.0,0,5
68,hyperparameter tuning hoạt động như thế nào,trung_bình,0.30511608121972195,0.0,0,5
69,thiết kế một mô hình deep learning để xử lý văn bản đa ngôn ngữ có dấu,khó,0.2606927221109488,0.0,0,5
70,phân tích trade-off giữa model complexity và generalization trong transformer,khó,0.2895005171436445,0.0,0,5
71,giải thích chi tiết về backpropagation trong neural network nhiều lớp có skip connections,khó,0.3731892171606991,0.0,0,5
72,"so sánh các kiến trúc GAN hiện đại: StyleGAN, BigGAN, và Progressive GAN cùng trade-offs",khó,0.35318970691158913,0.0,0,5
73,làm thế nào để optimize training của large language model với limited computational resources,khó,0.2650556793769418,0.0,0,5
74,phân tích các kỹ thuật regularization trong deep learning và khi nào dùng technique nào,khó,0.23537844315784176,0.0,0,5
75,thiết kế transformer architecture tối ưu cho ngôn ngữ low-resource,khó,0.3325299418917777,0.0,0,5
76,giải thích nền tảng toán học của self-attention mechanism trong transformer,khó,0.36225019807903813,0.0,0,5
77,"so sánh các thuật toán optimization: Adam, SGD, và RMSprop cùng trade-offs và use cases",khó,0.2675118470526701,0.0,0,5
78,"phân tích mối quan hệ giữa batch size, learning rate và training stability trong deep learning",khó,0.2711464578990189,0.0,0,5
79,thiết kế một hệ thống end-to-end cho real-time object detection sử dụng deep learning,khó,0.3084968339073018,0.0,0,5
80,giải thích cách xử lý class imbalance trong multi-class classification problems,khó,0.3427817219466658,0.0,0,5
81,phân tích tác động của các loss functions khác nhau lên training convergence và model performance,khó,0.3193874006804973,0.0,0,5
82,thiết kế một chiến lược neural architecture search cho automated model design,khó,0.29678372274695375,0.0,0,5
83,giải thích các nguyên tắc toán học đằng sau variational autoencoders,khó,0.39929547202014054,0.0,0,5
84,"so sánh các approaches khác nhau cho sequence-to-sequence learning: attention, transformers, và CNNs",khó,0.37865381443078727,0.0,0,5
85,phân tích các challenges và solutions cho training deep neural networks trên small datasets,khó,0.29818501881587367,0.0,0,5
86,giải thích cách implement gradient clipping để prevent exploding gradients trong RNNs,khó,0.27191501168768584,0.0,0,5
87,thiết kế một multi-task learning framework chia sẻ knowledge giữa các related tasks,khó,0.37375700690753866,0.0,0,5
88,phân tích các theoretical guarantees và limitations của các deep learning architectures khác nhau,khó,0.3022424457211915,0.0,0,5
89,giải thích cách sử dụng knowledge distillation để compress large models thành smaller ones,khó,0.3404595663673585,0.0,0,5
90,so sánh các approaches khác nhau để xử lý missing data trong deep learning pipelines,khó,0.33375820076700796,0.0,0,5
91,phân tích vai trò của các activation functions khác nhau trong addressing vanishing gradient problem,khó,0.3616020851754219,0.0,0,5
92,thiết kế một federated learning system cho training models trên distributed data sources,khó,0.31195680717359114,0.0,0,5
93,giải thích cách implement curriculum learning để improve model training,khó,0.3863866275106017,0.0,0,5
94,so sánh các strategies khác nhau để xử lý imbalanced datasets trong deep learning,khó,0.2756022946819751,0.0,0,5
95,phân tích tác động của các normalization techniques khác nhau lên model performance,khó,0.3156326075798358,0.0,0,5
96,thiết kế một system cho online learning adapt với changing data distributions,khó,0.28990643812493133,0.0,0,5
97,giải thích nền tảng toán học của generative adversarial networks,khó,0.304417603748354,0.0,0,5
98,phân tích trade-offs giữa model interpretability và performance trong deep learning,khó,0.28670668829774015,0.0,0,5
99,thiết kế một neural architecture có thể xử lý cả image và text inputs đồng thời,khó,0.3287693763465843,0.0,0,5
100,giải thích cách implement continual learning để prevent catastrophic forgetting,khó,0.33789715119078706,0.0,0,5
101,"so sánh các approaches khác nhau cho model compression: pruning, quantization, và distillation",khó,0.2958337142826727,0.0,0,5
